Model,Activation,Optimizer,Seq Length,Grad Clipping,Accuracy,F1,Epoch Time (s)
BILSTM,RELU,ADAM,25,No,0.7172,0.7169,28.18
BILSTM,RELU,ADAM,25,Yes,0.716,0.716,28.71
BILSTM,RELU,ADAM,50,No,0.7625,0.7612,53.15
BILSTM,RELU,ADAM,50,Yes,0.7691,0.769,52.39
BILSTM,RELU,ADAM,100,No,0.815,0.8144,99.72
BILSTM,RELU,ADAM,100,Yes,0.8236,0.8228,99.41
BILSTM,RELU,RMSPROP,50,No,0.7685,0.7685,51.65
BILSTM,RELU,RMSPROP,50,Yes,0.7682,0.7676,51.29
BILSTM,RELU,SGD,50,No,0.5141,0.501,51.09
BILSTM,RELU,SGD,50,Yes,0.5141,0.501,50.19
BILSTM,SIGMOID,ADAM,50,No,0.7691,0.7689,52.88
BILSTM,SIGMOID,ADAM,50,Yes,0.7651,0.7648,51.45
BILSTM,TANH,ADAM,50,No,0.7676,0.7676,52.06
BILSTM,TANH,ADAM,50,Yes,0.7644,0.7643,51.44
LSTM,RELU,ADAM,25,No,0.7173,0.7168,13.66
LSTM,RELU,ADAM,25,Yes,0.7174,0.7174,14.59
LSTM,RELU,ADAM,50,No,0.7662,0.7656,23.95
LSTM,RELU,ADAM,50,Yes,0.7712,0.7711,24.32
LSTM,RELU,ADAM,100,No,0.8134,0.8133,44.0
LSTM,RELU,ADAM,100,Yes,0.8166,0.8166,44.45
LSTM,RELU,RMSPROP,50,No,0.7664,0.7662,23.22
LSTM,RELU,RMSPROP,50,Yes,0.7642,0.7641,23.44
LSTM,RELU,SGD,50,No,0.4966,0.4498,22.68
LSTM,RELU,SGD,50,Yes,0.4966,0.4498,22.36
LSTM,SIGMOID,ADAM,50,No,0.7687,0.7687,25.09
LSTM,SIGMOID,ADAM,50,Yes,0.7713,0.7712,23.93
LSTM,TANH,ADAM,50,No,0.767,0.767,23.74
LSTM,TANH,ADAM,50,Yes,0.7675,0.7675,24.14
RNN,RELU,ADAM,50,No,0.5826,0.5654,12.38
RNN,RELU,ADAM,50,Yes,0.686,0.6858,13.46
